"features.plot","id","pct.exp","avg.exp","avg.exp.scaled"
"TCF7","Tn_Tcm",20.8947635993899,0.94036284799506,1.59812035905418
"SLAMF6","Tn_Tcm",6.84629723775631,0.280563483857486,0.72070101032639
"IL7R","Tn_Tcm",79.3255380443993,14.3444563772839,1.62185260980114
"SELL","Tn_Tcm",9.94746653109642,0.652141419649795,0.925349691248184
"CCR7","Tn_Tcm",21.8607015760041,1.97756563418533,1.62329620443872
"PDCD1","Tn_Tcm",7.81223521437045,0.356882686487436,0.233592102695145
"TOX","Tn_Tcm",6.30401626842908,0.283229427239942,-0.215843841904199
"HAVCR2","Tn_Tcm",3.30452465683782,0.155471015858049,-0.999241648142408
"LAG3","Tn_Tcm",16.4717844433147,0.815055737882484,0.573872872836098
"TIGIT","Tn_Tcm",10.6931028639214,0.571519569052255,-0.601647126355916
"GZMB","Tn_Tcm",17.2343670564311,1.36410519991466,-0.6645091875818
"PRF1","Tn_Tcm",35.6210811726826,2.4902563960183,0.224600707978597
"IFNG","Tn_Tcm",16.9632265717675,1.69075681919862,-0.00363609799046356
"FOXP3","Tn_Tcm",0.220301643789188,0.00953030743454303,-0.458363816591386
"IL2RA","Tn_Tcm",3.57566514150144,0.156985479137445,-0.299668154078936
"NKG7","Tn_Tcm",62.2945263514658,8.5659366940858,0.0130280066885414
"GNLY","Tn_Tcm",11.3879003558719,1.20819918389627,-0.715074188695951
"TCF7","Tcm",14.99700059988,0.712215253055475,0.920926625833156
"SLAMF6","Tcm",8.41831633673265,0.37088568604635,1.35968817363747
"IL7R","Tcm",34.9930013997201,5.24531365716797,0.375676949169482
"SELL","Tcm",3.55928814237153,0.232847001574457,-0.502370826599934
"CCR7","Tcm",4.69906018796241,0.38837761527462,-0.447806694076674
"PDCD1","Tcm",9.27814437112577,0.539186449156753,1.00696575211732
"TOX","Tcm",12.0575884823035,0.607438953827027,1.15070068230229
"HAVCR2","Tcm",6.91861627674465,0.38963112953767,-0.230900729314478
"LAG3","Tcm",24.2351529694061,1.29662167872459,1.57395488307727
"TIGIT","Tcm",25.1149770045991,1.49560918307001,0.501168529664914
"GZMB","Tcm",28.0943811237752,2.61155461318775,-0.0555871728857355
"PRF1","Tcm",49.9700059988002,3.93734181619355,0.771122974082062
"IFNG","Tcm",21.5156968606279,2.32866727440629,0.37609479130826
"FOXP3","Tcm",0.399920015996801,0.0185248543143722,-0.410533071009697
"IL2RA","Tcm",1.03979204159168,0.0497205015271225,-0.602869654195967
"NKG7","Tcm",83.0433913217357,17.3329824183118,0.756146227251135
"GNLY","Tcm",9.35812837432514,0.885142675274168,-0.89376865354847
"TCF7","Terminal_Tex",10.2163887903512,0.466004512734946,0.0804514241820815
"SLAMF6","Terminal_Tex",10.2873359347286,0.455082809512959,1.91850740048663
"IL7R","Terminal_Tex",31.4650585313941,3.7706167220855,0.00226937579564445
"SELL","Terminal_Tex",5.95956012770486,0.338667483839331,-0.100757517065805
"CCR7","Terminal_Tex",1.4544164597375,0.0821217050757681,-1.12429992546019
"PDCD1","Terminal_Tex",4.43419652358993,0.234659956919887,-0.345495097423762
"TOX","Terminal_Tex",6.952820148989,0.313841052309355,-0.0728267271967358
"HAVCR2","Terminal_Tex",18.2334161050018,1.17264032330976,1.62990652925391
"LAG3","Terminal_Tex",15.5374246186591,0.772524636445119,0.473103973584592
"TIGIT","Terminal_Tex",15.7857396239801,0.854910461118373,-0.206309670828989
"GZMB","Terminal_Tex",92.4796026959915,23.1064279043537,2.5
"PRF1","Terminal_Tex",81.9084781837531,11.7756867412339,2.26913382453089
"IFNG","Terminal_Tex",23.0578219226676,3.13171225917114,0.761841415667674
"FOXP3","Terminal_Tex",0.0709471443774388,0.00590385661344026,-0.477769029930694
"IL2RA","Terminal_Tex",1.24157502660518,0.0602472358907754,-0.571774198712693
"NKG7","Terminal_Tex",98.6165306846399,48.9132055537783,1.90034754720086
"GNLY","Terminal_Tex",77.5807023767293,32.4540815199099,2.35554080420102
"TCF7","Early_Tex",16.1845477846942,0.747375062767202,1.03097093389894
"SLAMF6","Early_Tex",7.79934090076895,0.332398938510697,1.09271868571982
"IL7R","Early_Tex",12.2665690223361,1.13633884689527,-1.11145812709495
"SELL","Early_Tex",2.16038081288905,0.123275012667145,-0.95630947408616
"CCR7","Early_Tex",2.67301354815086,0.123105989945486,-1.02338903479278
"PDCD1","Early_Tex",1.72098132552179,0.0749936282913801,-1.1950428471774
"TOX","Early_Tex",17.1365800073233,0.755460989830238,1.68509075642796
"HAVCR2","Early_Tex",17.4295129989015,0.904912260155721,1.08234121385702
"LAG3","Early_Tex",5.96850970340535,0.263235590542998,-0.966433405818035
"TIGIT","Early_Tex",35.1885756133284,2.02589925277238,0.960606769022215
"GZMB","Early_Tex",34.456243134383,3.75918675203568,0.340942595436017
"PRF1","Early_Tex",70.6700842182351,6.308365981033,1.38908702749329
"IFNG","Early_Tex",20.9080922738923,4.25317696194078,1.19046285697095
"FOXP3","Early_Tex",0.0732332478945441,0.00221574371922359,-0.49757608442643
"IL2RA","Early_Tex",3.36872940314903,0.157084628881638,-0.299401105324811
"NKG7","Early_Tex",97.58330281948,30.3613647669919,1.36946785220515
"GNLY","Early_Tex",15.342365433907,2.98359950563618,-0.0485211256772414
"TCF7","Tpex_like",16.5689149560117,0.77500266010987,1.11589814956332
"SLAMF6","Tpex_like",6.3782991202346,0.2626179282149,0.588388891647716
"IL7R","Tpex_like",59.4574780058651,9.83713534018818,1.13973178443011
"SELL","Tpex_like",6.89149560117302,0.467148407524856,0.346199036575306
"CCR7","Tpex_like",18.475073313783,1.72883114774709,1.38650071820927
"PDCD1","Tpex_like",7.44134897360704,0.38381206762659,0.354153346940183
"TOX","Tpex_like",8.06451612903226,0.37582851465246,0.206844047379873
"HAVCR2","Tpex_like",5.53519061583578,0.321974679670209,-0.438721587999944
"LAG3","Tpex_like",11.4736070381232,0.598133823310458,0.0329567269097711
"TIGIT","Tpex_like",15.7258064516129,1.00600238457178,-0.0195840856651045
"GZMB","Tpex_like",22.0307917888563,2.72048763029054,-0.0128840091822451
"PRF1","Tpex_like",30.6818181818182,2.26787417923226,0.120866000186082
"IFNG","Tpex_like",34.3841642228739,9.07893708248379,2.35351260423607
"FOXP3","Tpex_like",0.696480938416422,0.0416399034552333,-0.289524573266396
"IL2RA","Tpex_like",2.89589442815249,0.170954956178767,-0.26226665860042
"NKG7","Tpex_like",57.074780058651,11.8778912812521,0.35266508236104
"GNLY","Tpex_like",15.9090909090909,4.21049359287125,0.254799975004047
"TCF7","Treg",9.61727183513248,0.362713451242735,-0.315094591871931
"SLAMF6","Treg",4.31795878312071,0.148849771386508,-0.296878856520775
"IL7R","Treg",58.6359175662414,5.74567190255331,0.482518620330284
"SELL","Treg",24.6810598626104,1.36980015063544,2.5
"CCR7","Treg",13.9842983316977,1.23171999243645,0.840607287293974
"PDCD1","Treg",11.1383709519136,0.553378082840589,1.06327046009162
"TOX","Treg",13.1501472031403,0.594894134506116,1.10317094892455
"HAVCR2","Treg",18.351324828263,0.955876318115587,1.19227458551302
"LAG3","Treg",12.6104023552502,0.818703688429342,0.582405722499168
"TIGIT","Treg",56.7222767419038,5.13553642986654,2.5
"GZMB","Treg",14.8675171736997,2.87825049461986,0.0467946747443347
"PRF1","Treg",28.3120706575074,1.82692369368166,-0.107527518716277
"IFNG","Treg",9.9116781157998,1.09858550000063,-0.447282308300185
"FOXP3","Treg",21.0009813542689,1.12001646233846,2.5
"IL2RA","Treg",32.1393523061825,2.99088578971335,2.5
"NKG7","Treg",24.4357212953876,3.86570215688169,-0.759226081594328
"GNLY","Treg",23.0618253189401,9.237471814271,1.01780033390444
"TCF7","Cycling_T",14.6160962072155,0.354772731625856,-0.346733722454577
"SLAMF6","Cycling_T",8.41813135985199,0.155655451789817,-0.241504593048288
"IL7R","Cycling_T",35.4301572617946,2.36072782935714,-0.483376051450503
"SELL","Cycling_T",18.9639222941721,0.508215999724785,0.480837351777538
"CCR7","Cycling_T",14.1535615171138,0.596149480351256,-0.0692434981175465
"PDCD1","Cycling_T",24.5143385753932,0.680705617654577,1.54657809619805
"TOX","Cycling_T",26.4569842738205,0.646499784624288,1.29635327322867
"HAVCR2","Cycling_T",30.7123034227567,1.04773183614086,1.38336823083533
"LAG3","Cycling_T",28.1221091581869,1.13292717049124,1.25970609530169
"TIGIT","Cycling_T",45.790934320074,1.81707422023914,0.790091063751191
"GZMB","Cycling_T",47.5485661424607,7.47222701400333,1.16969724267256
"PRF1","Cycling_T",55.3191489361702,3.16721971554108,0.50392489240733
"IFNG","Cycling_T",25.9019426456984,2.54840559576245,0.490195252537026
"FOXP3","Cycling_T",7.21554116558742,0.195427827002701,0.453038636941032
"IL2RA","Cycling_T",12.5809435707678,0.55666712314945,0.625042217878839
"NKG7","Cycling_T",72.3404255319149,15.8630363635137,0.660667706206479
"GNLY","Cycling_T",25.6244218316374,6.95201081406283,0.732395600343788
"TCF7","Tumor_T1",16.0480349344978,0.339940743365228,-0.40633038677963
"SLAMF6","Tumor_T1",6.4410480349345,0.15445607756328,-0.251239563771646
"IL7R","Tumor_T1",53.1659388646288,5.59858310796774,0.451956064825917
"SELL","Tumor_T1",8.84279475982533,0.350290536037044,-0.0585955484568609
"CCR7","Tumor_T1",12.6637554585153,1.15075991387334,0.740301843197281
"PDCD1","Tumor_T1",10.3711790393013,0.263470597153092,-0.203985767660925
"TOX","Tumor_T1",11.2445414847162,0.265406374412531,-0.300692825290062
"HAVCR2","Tumor_T1",11.7903930131004,0.312222386502772,-0.469551821231718
"LAG3","Tumor_T1",18.1222707423581,0.607120436624616,0.0567873766778046
"TIGIT","Tumor_T1",23.5807860262009,0.982954385271309,-0.0471396598855236
"GZMB","Tumor_T1",24.3449781659389,2.32326186072027,-0.175135263581136
"PRF1","Tumor_T1",30.2401746724891,1.3338097417858,-0.409562061249028
"IFNG","Tumor_T1",24.235807860262,2.91479777727941,0.665586351789306
"FOXP3","Tumor_T1",4.36681222707424,0.158096787524596,0.281961276399691
"IL2RA","Tumor_T1",7.31441048034935,0.265498601137419,-0.0202931653297036
"NKG7","Tumor_T1",48.1441048034934,6.96526936676641,-0.196164252998489
"GNLY","Tumor_T1",17.5764192139738,3.215084989254,0.0152907494210487
"TCF7","Tumor_T2",16.3194444444444,0.523316564402753,0.288065789381308
"SLAMF6","Tumor_T2",9.02777777777778,0.260273145098286,0.570962111605898
"IL7R","Tumor_T2",59.375,6.87479616293281,0.697070807040679
"SELL","Tumor_T2",5.72916666666667,0.236434269070571,-0.488200641762085
"CCR7","Tumor_T2",9.02777777777778,0.459807950107292,-0.311621595926079
"PDCD1","Tumor_T2",7.46527777777778,0.285522044630937,-0.0978388481479404
"TOX","Tumor_T2",9.20138888888889,0.288960410292259,-0.188810977043573
"HAVCR2","Tumor_T2",6.07638888888889,0.207511173860132,-0.815814030413519
"LAG3","Tumor_T2",12.3263888888889,0.462598508952347,-0.343671099190413
"TIGIT","Tumor_T2",13.8888888888889,0.613456185848484,-0.538849519957068
"GZMB","Tumor_T2",28.2986111111111,2.49666064732394,-0.102045973594498
"PRF1","Tumor_T2",35.5902777777778,1.96346956496276,-0.0332008239331808
"IFNG","Tumor_T2",21.0069444444444,1.62676502902767,-0.0465969913306874
"FOXP3","Tumor_T2",1.04166666666667,0.0247600573522037,-0.377623077482495
"IL2RA","Tumor_T2",7.46527777777778,0.271593372679808,-0.00532055488481631
"NKG7","Tumor_T2",62.8472222222222,10.3751649901642,0.210917641690021
"GNLY","Tumor_T2",19.6180555555556,2.38346638459969,-0.232989936787501
"TCF7","Tumor_T3",17.0454545454545,0.614797836332572,0.603796829020971
"SLAMF6","Tumor_T3",5.68181818181818,0.152182395051434,-0.269722172810682
"IL7R","Tumor_T3",37.9545454545455,3.81264767141695,0.0144297050302416
"SELL","Tumor_T3",14.7727272727273,0.354962811050138,-0.0417493118494081
"CCR7","Tumor_T3",12.2727272727273,0.681861367566211,0.0727452013163707
"PDCD1","Tumor_T3",9.09090909090909,0.317661901180673,0.0536529725229912
"TOX","Tumor_T3",11.5909090909091,0.368492952281188,0.174412720752734
"HAVCR2","Tumor_T3",23.8636363636364,0.627634143110292,0.427345655178039
"LAG3","Tumor_T3",17.7272727272727,0.620648770819937,0.0924116135158719
"TIGIT","Tumor_T3",20.9090909090909,0.979780546521569,-0.05095928427644
"GZMB","Tumor_T3",32.5,3.29524471464563,0.193549694561705
"PRF1","Tumor_T3",33.6363636363636,2.36414612588967,0.166614641552878
"IFNG","Tumor_T3",16.1363636363636,2.20473740903869,0.30837339953246
"FOXP3","Tumor_T3",1.81818181818182,0.0426074997675499,-0.284517894316311
"IL2RA","Tumor_T3",5.22727272727273,0.176457512306928,-0.247656620790939
"NKG7","Tumor_T3",61.1363636363636,9.74922970668114,0.14626011709846
"GNLY","Tumor_T3",20.6818181818182,3.66166887494042,0.129059280772944
"TCF7","Tumor_T4",10.3942652329749,0.454089495630482,0.0362708826252189
"SLAMF6","Tumor_T4",5.01792114695341,0.18478109593204,-0.00815129959402832
"IL7R","Tumor_T4",53.763440860215,6.60848754533725,0.649378119132281
"SELL","Tumor_T4",10.3942652329749,0.59260603504945,0.746361237592934
"CCR7","Tumor_T4",19.7132616487455,1.65629317961485,1.31336660047587
"PDCD1","Tumor_T4",9.31899641577061,0.537080318551129,0.998565556240756
"TOX","Tumor_T4",10.0358422939068,0.417133399304195,0.386289853832063
"HAVCR2","Tumor_T4",13.9784946236559,0.750450524161417,0.730241675717149
"LAG3","Tumor_T4",13.9784946236559,0.742879292755058,0.40142484309306
"TIGIT","Tumor_T4",22.5806451612903,1.50117626292135,0.506481870292688
"GZMB","Tumor_T4",34.4086021505376,5.60047837330518,0.810942777427652
"PRF1","Tumor_T4",30.4659498207885,2.52165117046865,0.238710411032213
"IFNG","Tumor_T4",10.3942652329749,1.19471259906732,-0.367342198364162
"FOXP3","Tumor_T4",4.6594982078853,0.195548004187676,0.453580702254615
"IL2RA","Tumor_T4",5.73476702508961,0.302254833369087,0.0689310637256275
"NKG7","Tumor_T4",46.5949820788531,9.34488979196238,0.102459166302682
"GNLY","Tumor_T4",25.8064516129032,8.32931713330523,0.912856027968517
"TCF7","Tumor_T5",16.0642570281125,0.302516458419173,-0.559688012675916
"SLAMF6","Tumor_T5",10.0401606425703,0.146774475673475,-0.313829732655266
"IL7R","Tumor_T5",33.3333333333333,2.74267211194093,-0.33415172593547
"SELL","Tumor_T5",14.4578313253012,0.36037826263456,-0.0222960302342253
"CCR7","Tumor_T5",15.6626506024096,0.63884737925574,0.00241735401923452
"PDCD1","Tumor_T5",23.2931726907631,0.317506183538331,0.052927939916861
"TOX","Tumor_T5",14.859437751004,0.278069829717595,-0.240284975114736
"HAVCR2","Tumor_T5",26.1044176706827,0.403994663997301,-0.188084023086839
"LAG3","Tumor_T5",38.9558232931727,0.703622785412984,0.304607519509121
"TIGIT","Tumor_T5",32.1285140562249,0.677529345081755,-0.445988002121852
"GZMB","Tumor_T5",30.1204819277108,1.29784670326804,-0.705359610197195
"PRF1","Tumor_T5",38.9558232931727,1.09428133085242,-0.580193244432076
"IFNG","Tumor_T5",14.859437751004,0.527438448213774,-1.01428552688582
"FOXP3","Tumor_T5",1.20481927710843,0.0370017841313944,-0.313588571227012
"IL2RA","Tumor_T5",5.62248995983936,0.212489266078921,-0.153643746183717
"NKG7","Tumor_T5",68.6746987951807,6.15161060933636,-0.319260606107047
"GNLY","Tumor_T5",9.23694779116466,0.895334408507691,-0.88767736792346
"TCF7","Tumor_T6",15.8730158730159,0.0839985911070925,-1.55388327261223
"SLAMF6","Tumor_T6",3.17460317460317,0.0318209188715269,-1.30411931807551
"IL7R","Tumor_T6",51.5873015873016,1.05903819757735,-1.16254956399826
"SELL","Tumor_T6",11.9047619047619,0.0590545784452756,-1.24342740507863
"CCR7","Tumor_T6",10.3174603174603,0.0699450907360608,-1.15501839291767
"PDCD1","Tumor_T6",7.14285714285714,0.0494471297251969,-1.34259166466215
"TOX","Tumor_T6",3.17460317460317,0.0271482301636487,-1.56619897050926
"HAVCR2","Tumor_T6",11.9047619047619,0.147046156000278,-1.02971204321068
"LAG3","Tumor_T6",11.1111111111111,0.0462814475446081,-1.76724500270966
"TIGIT","Tumor_T6",11.9047619047619,0.255467966920311,-1.1370541873852
"GZMB","Tumor_T6",22.2222222222222,0.288131075292735,-1.53707952274217
"PRF1","Tumor_T6",22.2222222222222,0.209720130209919,-1.44495175235231
"IFNG","Tumor_T6",21.4285714285714,0.293498029502292,-1.3110062653741
"FOXP3","Tumor_T6",1.58730158730159,0.00819469508484799,-0.465502584961964
"IL2RA","Tumor_T6",4.76190476190476,0.115878140210633,-0.412405762437681
"NKG7","Tumor_T6",54.7619047619048,1.42963585859387,-1.55258260034555
"GNLY","Tumor_T6",22.2222222222222,0.257837376484575,-1.35087020282774
"TCF7","Tumor_T7",16.0377358490566,0.107011561545043,-1.440153270093
"SLAMF6","Tumor_T7",1.88679245283019,0.011456338103864,-1.49100472904357
"IL7R","Tumor_T7",20.7547169811321,0.30666384103854,-1.79298523528613
"SELL","Tumor_T7",6.60377358490566,0.0499163285802025,-1.28569204444439
"CCR7","Tumor_T7",3.77358490566038,0.0457130306106873,-1.21720372341054
"PDCD1","Tumor_T7",0.943396226415094,0.0032170374302305,-1.61897276791715
"TOX","Tumor_T7",2.83018867924528,0.0276957789626643,-1.56296594425758
"HAVCR2","Tumor_T7",6.60377358490566,0.0618438561743361,-1.3510848239395
"LAG3","Tumor_T7",14.1509433962264,0.157226048989844,-1.33893303800638
"TIGIT","Tumor_T7",16.0377358490566,0.194111825733895,-1.25653220970634
"GZMB","Tumor_T7",23.5849056603774,0.921032494162536,-0.96274420929966
"PRF1","Tumor_T7",22.6415094339623,0.319428133413387,-1.30816928909237
"IFNG","Tumor_T7",13.2075471698113,0.519816162775237,-1.02321477172984
"FOXP3","Tumor_T7",3.77358490566038,0.0183959640653392,-0.411215489354877
"IL2RA","Tumor_T7",5.66037735849057,0.0903151565822973,-0.484626661103713
"NKG7","Tumor_T7",36.7924528301887,1.27768187499799,-1.62636191538303
"GNLY","Tumor_T7",24.5283018867925,1.09406098621343,-0.775031581025354
"TCF7","NK",14.7058823529412,0.649062378900343,0.71747056436349
"SLAMF6","NK",2.94117647058824,0.127022437615978,-0.476715827707267
"IL7R","NK",61.7647058823529,8.84512600044352,1.00664408033008
"SELL","NK",9.80392156862745,0.533347371482558,0.561432930535429
"CCR7","NK",14.7058823529412,1.07354046571712,0.641048672857065
"PDCD1","NK",8.82352941176471,0.536994245983006,0.998222015376695
"TOX","NK",4.90196078431373,0.271745013083081,-0.270380743341422
"HAVCR2","NK",14.7058823529412,0.634734120079053,0.445469109662744
"LAG3","NK",14.7058823529412,0.928221699060296,0.830910876240035
"TIGIT","NK",24.5098039215686,1.32743543997641,0.334810509478081
"GZMB","NK",31.3725490196078,3.1833031992611,0.155601732328508
"PRF1","NK",31.3725490196078,1.669063208399,-0.198067626164648
"IFNG","NK",17.6470588235294,1.10160096277533,-0.444719460379375
"FOXP3","NK",0.980392156862745,0.0521762723184005,-0.235254443720286
"IL2RA","NK",3.92156862745098,0.190242218992625,-0.211354269975354
"NKG7","NK",68.6274509803922,13.19236178004,0.463696360011554
"GNLY","NK",34.3137254901961,7.47350642095168,0.804155870020274
"TCF7","NK_dim",5.55555555555556,0.0415610144704471,-1.77008830143538
"SLAMF6","NK_dim",0,0,-1.59780018019689
"IL7R","NK_dim",19.4444444444444,0.549138057685174,-1.55700741212055
"SELL","NK_dim",8.33333333333333,0.102936268856973,-1.04542468511062
"CCR7","NK_dim",2.77777777777778,0.0249284553331937,-1.27170101710631
"PDCD1","NK_dim",2.77777777777778,0.0221955875172016,-1.50400124911028
"TOX","NK_dim",2.77777777777778,0.0239939343334005,-1.58485727819057
"HAVCR2","NK_dim",5.55555555555556,0.057580477756999,-1.36783629267813
"LAG3","NK_dim",5.55555555555556,0.0466224928359474,-1.76585995752
"TIGIT","NK_dim",8.33333333333333,0.107866100091861,-1.4352922670674
"GZMB","NK_dim",16.6666666666667,0.657761087191999,-1.1745539030458
"PRF1","NK_dim",8.33333333333333,0.094690390139707,-1.60238816332346
"IFNG","NK_dim",8.33333333333333,0.17139634667574,-1.48798305168711
"FOXP3","NK_dim",0,0,-0.50951084220012
"IL2RA","NK_dim",2.77777777777778,0.0235106032820802,-0.681667841557273
"NKG7","NK_dim",50,1.49542567367398,-1.52206025058748
"GNLY","NK_dim",25,0.295011851170625,-1.31796558515035
