"","g0","g1","g2","g3","g4","g5","g6","g7","g8","g9","g10","g11","g12","g13","g14","g15"
"CD8A",2.26261714585395,3.23322071964239,2.05201475258074,0.586130927125402,1.33502904164005,0.547475618120687,1.40832296485952,0.814400800902823,1.62223453815861,1.61345530716112,1.00192540846291,1.30149814695833,0.125702748435753,0.131431626740533,2.22300534357073,0.0670773678977891
"PDCD1",0.356882686487436,0.539186449156753,0.234659956919887,0.0749936282913801,0.38381206762659,0.553378082840589,0.680705617654577,0.263470597153091,0.285522044630937,0.317661901180673,0.537080318551129,0.317506183538331,0.0494471297251969,0.0032170374302305,0.536994245983006,0.0221955875172016
"TCF7",0.940362847995059,0.712215253055476,0.466004512734946,0.747375062767201,0.775002660109869,0.362713451242735,0.354772731625856,0.339940743365228,0.523316564402752,0.614797836332572,0.454089495630482,0.302516458419173,0.0839985911070925,0.107011561545043,0.649062378900343,0.0415610144704471
"FOXP3",0.00953030743454303,0.0185248543143722,0.00590385661344026,0.00221574371922359,0.0416399034552333,1.12001646233846,0.195427827002701,0.158096787524596,0.0247600573522037,0.0426074997675499,0.195548004187676,0.0370017841313944,0.00819469508484799,0.0183959640653392,0.0521762723184005,0
"TOX",0.283229427239942,0.607438953827027,0.313841052309355,0.755460989830238,0.37582851465246,0.594894134506117,0.646499784624287,0.26540637441253,0.288960410292259,0.368492952281188,0.417133399304195,0.278069829717595,0.0271482301636487,0.0276957789626643,0.271745013083081,0.0239939343334005
"NCAM1",0.083749137269914,0.0889837843832798,0.188736896451702,0.578670235010346,0.0788054310743484,0.0242391630601728,0.121139273624884,0.0482769998072772,0.0886454009267373,0.120340856945257,0.0240422940836658,0.0134618869232691,0.0200755463563736,0.0473530968078936,0,0.0730376392800649
"CXCR5",0.0265941791091138,0.016767125006677,0.00900748403806071,0.00645876024558429,0.0133632426069263,0.0130828513494396,0.00855797288751008,0.00614256611200918,0,0,0.0266152316303224,0.031315253267535,0.00373736356829226,0.00941137496423678,0,0
"CD4",0.325239652503229,0.189264432397149,0.143603802237178,0.0582120624055559,0.28989967129358,0.955784420814469,0.29371730318344,0.333642060467303,0.491641602449354,0.673475193046046,0.191391182563249,0.150307475292724,0.118147853350386,0.0496522051444705,0.309666758508174,0.178670173742465
"GZMB",1.36410519991466,2.61155461318775,23.1064279043537,3.75918675203568,2.72048763029054,2.87825049461986,7.47222701400333,2.32326186072026,2.49666064732394,3.29524471464563,5.60047837330518,1.29784670326804,0.288131075292735,0.921032494162536,3.1833031992611,0.657761087191999
